"","RR_l_0","seq_size","signal_mean","signal_std","R_val","T_val","R_pos","T_pos","label"
"RR_l_0",1,0.46523618531834,-0.0530705019241311,-0.263575066193406,-0.0538230613444157,-0.195571205428508,-0.0711793677131327,-0.081648426266789,-0.126365660138142
"seq_size",0.46523618531834,1,-0.121120544053461,-0.378991411349824,0.00797192970810954,-0.349740394379503,-0.264148852935263,-0.220195061318476,-0.318665711752881
"signal_mean",-0.0530705019241311,-0.121120544053461,1,-0.0142185447678871,-0.0885726022524107,0.550302261551651,0.090345462857017,-0.0339579396881285,0.206447016441915
"signal_std",-0.263575066193406,-0.378991411349824,-0.0142185447678871,1,0.600029828006021,0.237460363782128,0.231071878941883,-0.188891955993007,0.375553833485283
"R_val",-0.0538230613444157,0.00797192970810954,-0.0885726022524107,0.600029828006021,1,-0.169994533710138,-0.100201228065741,-0.0547553692886318,-0.277778502534121
"T_val",-0.195571205428508,-0.349740394379503,0.550302261551651,0.237460363782128,-0.169994533710138,1,0.321248211358399,-0.141015743687816,0.298245630303913
"R_pos",-0.0711793677131327,-0.264148852935263,0.090345462857017,0.231071878941883,-0.100201228065741,0.321248211358399,1,0.454511899935322,-0.0450588204691143
"T_pos",-0.081648426266789,-0.220195061318476,-0.0339579396881285,-0.188891955993007,-0.0547553692886318,-0.141015743687816,0.454511899935322,1,-0.389676390163503
"label",-0.126365660138142,-0.318665711752881,0.206447016441915,0.375553833485283,-0.277778502534121,0.298245630303913,-0.0450588204691143,-0.389676390163503,1
