"","RR_l_0","seq_size","signal_mean","signal_std","R_val","T_val","R_pos","T_pos","label"
"RR_l_0",0,9.35151261977763e-161,0.00367015317567877,8.80581441179532e-49,0.00321435066770245,3.33298977214159e-27,9.6700971986871e-05,7.67891271320136e-06,3.90678147296298e-12
"seq_size",9.35151261977763e-161,0,2.92608193520104e-11,6.43880860156849e-103,0.662763188569448,6.65155736986531e-87,5.39895961526548e-49,3.28590708804542e-34,1.15997281131148e-71
"signal_mean",0.00367015317567877,2.92608193520104e-11,0,0.436659212435551,1.20510096796209e-06,9.48117660763807e-237,7.33167099906865e-07,0.0631459485444135,3.45400239283087e-30
"signal_std",8.80581441179532e-49,6.43880860156849e-103,0.436659212435551,0,1.98335686123473e-292,1.16056070665899e-39,1.36367241859719e-37,1.86498076430977e-25,6.00189660057036e-101
"R_val",0.00321435066770245,0.662763188569448,1.20510096796209e-06,1.98335686123473e-292,0,7.4203327143995e-21,3.90230022255012e-08,0.00272138901195404,3.38435944649443e-54
"T_val",3.33298977214159e-27,6.65155736986531e-87,9.48117660763807e-237,1.16056070665899e-39,7.4203327143995e-21,0,7.31853041247785e-73,8.98463713032991e-15,1.38803135934029e-62
"R_pos",9.6700971986871e-05,5.39895961526548e-49,7.33167099906865e-07,1.36367241859719e-37,3.90230022255012e-08,7.31853041247785e-73,0,1.29220185130099e-152,0.0136578366319434
"T_pos",7.67891271320136e-06,3.28590708804542e-34,0.0631459485444135,1.86498076430977e-25,0.00272138901195404,8.98463713032991e-15,1.29220185130099e-152,0,3.41551554829551e-109
"label",3.90678147296298e-12,1.15997281131148e-71,3.45400239283087e-30,6.00189660057036e-101,3.38435944649443e-54,1.38803135934029e-62,0.0136578366319434,3.41551554829551e-109,0
